first_name,last_name,email,phone_number,password
Laney,Hymas,lhymas2f@pbs.org,3389689815,gSK3YZ
Novelia,Bolte,nbolte2g@ezinearticles.com,3954212105,3E9cRXwf
Joshuah,Tranfield,jtranfield2h@tuttocitta.it,5652009029,vQsPkA060Zx
Della,Farrey,dfarrey2i@sun.com,6915118689,nizDPyW
Edouard,Klewi,eklewi2j@vinaora.com,1346058117,aWesEGDi9S
Augustin,Hildrew,ahildrew2k@berkeley.edu,3243043729,ha2k8Xe3
Bennie,Moorwood,bmoorwood2l@wisc.edu,8347102155,8t7YD4fx
Ellynn,Willbond,ewillbond2m@unblog.fr,5308820575,RUKCMC4
Christophorus,Cosgrive,ccosgrive2n@unc.edu,1509415871,ypxWYq9iZaSu
Marshal,Van Giffen,mvangiffen2o@godaddy.com,4825475054,kWBwxTSode
Jeff,Krolle,jkrolle2p@wikimedia.org,7577722511,ccjLFB
Barret,Lightbowne,blightbowne2q@wordpress.org,8315812701,JHacUde5q9
Ky,Coit,kcoit2r@nationalgeographic.com,5476948408,BkIxXfd
Lisle,Heatlie,lheatlie2s@mediafire.com,6134295071,WaPtMXaX
Angel,Durling,adurling2t@google.co.uk,9661076000,hVjU7bd
Brent,Snap,bsnap2u@deviantart.com,2534143700,99SqZk
Lynnell,Jouen,ljouen2v@spotify.com,8307535640,Td9W7VOCoEWp
Rozalie,Bradbeer,rbradbeer2w@aboutads.info,5486621063,1SMjigPaH
Karly,Giovanardi,kgiovanardi2x@netlog.com,5456077527,uBY90Uw4FZT
Caz,Stears,cstears2y@umich.edu,4426148884,gGZzwAW4zejc
Dannel,Coatham,dcoatham2z@craigslist.org,1401168381,mOt9yxib7GG
Gabbie,Allsworth,gallsworth30@facebook.com,4322662294,WRU2aO9q3
Breanne,Andrews,bandrews31@nymag.com,4464279481,0qtE1sx
Eddy,Gorringe,egorringe32@harvard.edu,5133959593,qwlHVvzmze
Amerigo,Garrow,agarrow33@ucsd.edu,3987412576,vp7c0Neov
Valeria,Brambill,vbrambill34@pcworld.com,2498724951,B4CTyR
Dill,Nettleship,dnettleship35@craigslist.org,3759974450,oAtVQUSbE
Brooke,Prescott,bprescott36@unblog.fr,8529212970,TjnEJ7rOFt
Doroteya,Frear,dfrear37@themeforest.net,2879950935,IUqSw25Xtm
Electra,Tellenbrok,etellenbrok38@narod.ru,2059047443,WVq3KCk
Skylar,Ing,sing39@ocn.ne.jp,3562655602,nkWNfqh7ko
Rivkah,Brawley,rbrawley3a@sbwire.com,4944333113,FctZKIDOd5Qr
Kristyn,Astlatt,kastlatt3b@reddit.com,2167331520,Y8yazvtKmF2K
Pepita,Stickler,pstickler3c@harvard.edu,9199219116,DJbHb4
Amory,Palay,apalay3d@sciencedaily.com,8447641403,rj8nDsn
Desiri,Gauld,dgauld3e@themeforest.net,8219496981,Jj1Gq2z5cjnO
Gerty,Yesinov,gyesinov3f@whitehouse.gov,7383271650,uEKqtgKg
Lurlene,Stetlye,lstetlye3g@surveymonkey.com,1996729803,N21KsTaw
Reese,Falk,rfalk3h@cargocollective.com,4055707630,n8IzH99m
Kat,Gurdon,kgurdon3i@so-net.ne.jp,6671408401,0z2nP9x0nqR
Elroy,Tourne,etourne3j@cnn.com,4357857282,LTn8DL1jDY
Betteann,Boch,bboch3k@nifty.com,4751057696,cA1IJxcs5
Barbette,Cortnay,bcortnay3l@clickbank.net,8975691365,ZsZPXDdMXi
Miof mela,Nicklen,mnicklen3m@ucoz.ru,8245546180,wgQBRa9d
Dalton,Shimwell,dshimwell3n@webmd.com,7014612541,LXl9z7ttj
Brigid,Boundley,bboundley3o@flavors.me,1377762711,c0uqqyzZ4mPp
Bryana,Filov,bfilov3p@state.tx.us,3399366723,cxTWiSv9q
Mathilde,Sibly,msibly3q@rambler.ru,9285852351,O8u5S5
Buddy,Baird,bbaird3r@youtu.be,1242610369,JcrUItRNH
Alicea,Tomczykowski,atomczykowski3s@youtube.com,6388052005,3CAlKcd4CpjJ
Simonne,Gregersen,sgregersen3t@cbsnews.com,3206086046,LgPbKgRS
Mersey,Colbran,mcolbran3u@ibm.com,9167192636,uBCCdRfpdf5
Addie,Reidshaw,areidshaw3v@loc.gov,6156234507,CvJ3SqPkARTD
Maurise,Tillman,mtillman3w@gnu.org,1581389695,yHKAGDUWCqb
Gladi,Chevins,gchevins3x@google.de,3598806095,SgrBbobi
Abraham,Stoddart,astoddart3y@mediafire.com,9516666920,hIW9Hu5prC
Ban,Larenson,blarenson3z@blogs.com,5428913832,Cf7FZBT
Saundra,Fawks,sfawks40@de.vu,9395146063,xnuPyFj3M
Kristien,Linggood,klinggood41@seesaa.net,1827032451,1zPOQhB
Gabriella,Pentelo,gpentelo42@ucoz.com,2579186754,wJGWUy6up
Johannah,Corzor,jcorzor43@dropbox.com,3306939198,B3Xu8ju
Gus,Collinette,gcollinette44@creativecommons.org,2415393125,xERxAivV
Deloria,Siddell,dsiddell45@wordpress.org,6008404657,OCo1MxFg
Cornelle,Pedrielli,cpedrielli46@hexun.com,6198996863,Z7pVOxlRBT55
Abra,Stoggell,astoggell47@statcounter.com,7583290461,z3iiaw97
Freda,McAllaster,fmcallaster48@cdbaby.com,6838474871,nXFNAe1rYiE
Lari,Jennison,ljennison49@uiuc.edu,4407404717,h1hqExuR67
Emilio,Outhwaite,eouthwaite4a@lulu.com,2194293733,wd7cYEP
Izzy,Skryne,iskryne4b@nifty.com,3674611577,yhS8BDr
Skyler,Wrightim,swrightim4c@acquirethisname.com,1116163973,a0zWuj9qAD
Myca,Greatland,mgreatland4d@jigsy.com,7262598492,L1PZhVL
Neysa,Flieg,nflieg4e@tumblr.com,4081776427,kfs3akQZCr
Eimile,Daniels,edaniels4f@lulu.com,9349278532,Vd9EDtu9bi
Ilyse,Langshaw,ilangshaw4g@jugem.jp,4151312144,WbWNTi7GSe
Aida,Annice,aannice4h@wunderground.com,6943856829,o9mqmV8Y
Crissie,Buckley,cbuckley4i@whitehouse.gov,5328983591,FHxtjoDVZu
Rubi,Moxsom,rmoxsom4j@nature.com,5395049253,5lEljekOwTlg
Laurie,Binstead,lbinstead4k@nih.gov,7403333227,9TY5mZnx9orU
Emmett,Edards,eedards4l@paypal.com,7263509052,emTItne
Abbe,Filipic,afilipic4m@boston.com,8209385914,x1sxIGKIO3
Winona,Vivash,wvivash4n@china.com.cn,4241346929,znGnDYq
Jessa,Cocozza,jcocozza4o@microsoft.com,1729355093,ecWeHLZ
Rubia,Haggarty,rhaggarty4p@hugedomains.com,1239074384,ZbmwKP9i
Layton,Tabour,ltabour4q@google.ru,8667504429,GU8eWhqOK6Pj
Bernelle,Bletcher,bbletcher4r@sbwire.com,4098438936,1An5MwalH
Addi,Tchaikovsky,atchaikovsky4s@wsj.com,7017742879,RM1XBwWgf
Quentin,Bezemer,qbezemer4t@sciencedirect.com,2882679220,cfugZJw4C
Rhys,Sawnwy,rsawnwy4u@xrea.com,1888353018,RePMFH
Elisa,Vassall,evassall4v@studiopress.com,8393001455,JqZ8MgXssopE
Camila,Nordass,cnordass4w@aboutads.info,9158982106,8MiVGPB
Carol,Zywicki,czywicki4x@twitpic.com,8333294890,0XB3UF
Krista,Jarnell,kjarnell4y@theguardian.com,5857005378,4AzysRa
Warde,Champneys,wchampneys4z@slate.com,5883436042,7Hjl8ty3Sl3
Yvette,Shelbourne,yshelbourne50@amazonaws.com,5909808675,6U16ny4n
Glenn,Muat,gmuat51@newyorker.com,3843953552,8lHfer
Robinson,Downham,rdownham52@cloudflare.com,3695056169,zFhULIc
Wynn,Brixey,wbrixey53@i2i.jp,9786126278,iZfMUFFQ
Cyrus,Myner,cmyner54@liveinternet.ru,9019048224,A5yVjV
Emiline,Habgood,ehabgood55@histats.com,7978638745,nf2QnqFd
Gray,Whacket,gwhacket56@google.de,4326735597,kvv2JMRz
Uriel,Mynott,umynott57@nifty.com,8563372026,t2807l
Porter,Dougan,pdougan58@liveinternet.ru,4342420338,68Ztpb
Dinah,O'Fallon,dofallon59@wufoo.com,5013358410,M5tzESs
Babara,Summerill,bsummerill5a@nytimes.com,4654228730,w3VZkYvpra
Karie,Crome,kcrome5b@rambler.ru,1167569394,MCXC9A
Cherlyn,Nelius,cnelius5c@jimdo.com,2192231676,zdj1sd
Jeni,Snuggs,jsnuggs5d@arstechnica.com,5047717062,bI2ZeJS
Gal,Millhill,gmillhill5e@163.com,5425577991,RadPkvGa
Burk,Loomes,bloomes5f@slate.com,3319901735,oEJIcXj
Valma,Wattins,vwattins5g@mail.ru,7738150993,KWYNqCaO
Cullen,Hayne,chayne5h@cam.ac.uk,6951267484,cpMhFvJA
Roderick,Messum,rmessum5i@blogtalkradio.com,1913635626,Q0204ab5
Eveleen,Dedman,ededman5j@goodreads.com,2424421974,7d4Lec
Constantine,Urling,curling5k@barnesandnoble.com,2335953337,qOAldCniT
Blondell,Laborde,blaborde5l@ebay.com,8424956416,4cIloO
Lucina,Alesbrook,lalesbrook5m@deviantart.com,4213864089,fClTEJS5
Leese,Wheatman,lwheatman5n@list-manage.com,7455998499,xW2SKuTylfHG
Lanette,Peascod,lpeascod5o@fema.gov,9145068241,uhyEWQ
Llewellyn,Robb,lrobb5p@domainmarket.com,5598900659,W5YxtYGh3
Marylee,Dybald,mdybald5q@omniture.com,6695787787,caIbd2HRX1t
Rafaelita,Stidever,rstidever5r@goodreads.com,7468889479,vAg2o2
Jan,Van Waadenburg,jvanwaadenburg5s@i2i.jp,1251837925,7G6jXX
Brittni,Pote,bpote5t@altervista.org,6979519896,qzS6aNHY
Malinde,Langmaid,mlangmaid5u@hud.gov,4021274955,sY13wJVJ2Tv
Ethel,Leeke,eleeke5v@cnet.com,3401545397,WcG9kXp
Gwenora,Mealiffe,gmealiffe5w@goo.ne.jp,3599392259,MggdPF
Oriana,Christie,ochristie5x@tripod.com,7929679050,yyBYPI3d
Olly,Dunrige,odunrige5y@jugem.jp,3145715409,lzfGV3
Bone,Snelle,bsnelle5z@gravatar.com,6162851575,jOZU9pCwKU
Rolph,Gaber,rgaber60@toplist.cz,2771215658,HxODOsGXaP3
Melli,Harris,mharris61@elpais.com,3643279090,R4EkHhoe
Meredith,Creak,mcreak62@chron.com,8745299318,4Y68X2o
Melvin,Sherrett,msherrett63@ask.com,7689576700,JJKKXCAA3rzi
Lise,Titchmarsh,ltitchmarsh64@symantec.com,2906465249,P5MG5JLAp
Prentice,Jearum,pjearum65@amazon.co.jp,9964458016,xMO5xCZtGJ
Latia,Pistol,lpistol66@cbsnews.com,4352932838,lZt8m4AnF
Laurie,McFetridge,lmcfetridge67@cnbc.com,4839363198,R3D8IKa
Carmencita,Gaine,cgaine68@addtoany.com,1318131156,uXJGzdve3QZe
Dode,Beckingham,dbeckingham69@angelfire.com,9239222430,gkQKBu6nJcyV
Darnall,Bedome,dbedome6a@wufoo.com,7802787253,IaCkhDjpIFh
Catharine,Smyth,csmyth6b@youtube.com,7982575851,lAOEYgC
Meridith,Kelleway,mkelleway6c@pinterest.com,3514227469,RLAZpV7Gb2
Lyndsey,Bebbell,lbebbell6d@state.tx.us,5842513224,A8cBeKTv
Valenka,Dionsetto,vdionsetto6e@liveinternet.ru,7051423536,CK1vBJR
Adorne,Tunnick,atunnick6f@patch.com,7102813476,eeGfduVn
Tedman,Dooland,tdooland6g@dyndns.org,6526596761,lHrgmdN6
Broddy,Bouldstridge,bbouldstridge6h@japanpost.jp,9088969393,9MWK5W0p0s
Chuck,Kiebes,ckiebes6i@csmonitor.com,4644578244,QfX9iXo8
Elayne,Blakesley,eblakesley6j@newsvine.com,2498968692,oEseop
Gareth,Dolphin,gdolphin6k@yellowpages.com,2613225332,HzlkwLMIIg8
Kermy,Pesek,kpesek6l@merriam-webster.com,4256288584,BjtElX
Lance,Baudassi,lbaudassi6m@csmonitor.com,7657741653,gYhhqOIqLPVA
Shannan,Crysell,scrysell6n@sogou.com,7753841579,ANAf6NnUML
Paxton,Arkley,parkley6o@scientificamerican.com,3007999463,BoRBPRNBsX
Tim,Jamrowicz,tjamrowicz6p@timesonline.co.uk,2077355934,5kj6TNNy4
Vinny,holmes,vholmes6q@bravesites.com,4449991629,mSo0lRkih
Melissa,Koomar,mkoomar6r@yolasite.com,5002296390,q8ZwX74
Annalee,Black,ablack6s@shinystat.com,8563240573,uXeHsa2N
Sibeal,Garrold,sgarrold6t@adobe.com,7909343287,o4D2q0U
Dorian,MacNeilly,dmacneilly6u@google.co.uk,1762872680,IWQVOu
Pearla,Clamo,pclamo6v@smh.com.au,7941527144,N26y5E
Tawsha,Toppin,ttoppin6w@angelfire.com,8038889337,wYqwx692IL7l
Abbey,Eglaise,aeglaise6x@ocn.ne.jp,6659478532,aonUZd
Clarinda,Guiducci,cguiducci6y@telegraph.co.uk,9767904915,Hvo4963T2f
Gay,Izakovitz,gizakovitz6z@economist.com,1188854917,JTiCpQoNBdA
Dane,Duce,dduce70@youku.com,1827485989,7JFHMO
Yuma,Shurman,yshurman71@csmonitor.com,6778210934,02pVK8euTFz
Shannon,Walster,swalster72@discuz.net,2677079270,oXVHwj4
Alene,Zorzoni,azorzoni73@yelp.com,4359206418,eNsmuVtzEFg
Lila,Coopey,lcoopey74@patch.com,4263076298,nbAHAWEml
Roderich,Dufty,rdufty75@nature.com,4244184725,Sz6PLYb
Crissy,Grouer,cgrouer76@sun.com,5428040727,tOEJyLF1
Missy,Hysom,mhysom77@livejournal.com,1062212289,uYNJV9YJJI
Annabal,Dory,adory78@goo.gl,4157782120,vIWX1D3NA
Adriana,Attac,aattac79@163.com,3044966402,PTVK6r
Tymon,Jerrard,tjerrard7a@noaa.gov,4463605906,i7IokZ1MZ7
Edd,Doughartie,edoughartie7b@irs.gov,2482875404,gZv67h0
Cosimo,Royal,croyal7c@oaic.gov.au,9073549735,4VC0RM0CM0
Farley,Grigoire,fgrigoire7d@ning.com,5136900209,WFDJKIzzBeu7
Obidiah,Grigoryov,ogrigoryov7e@patch.com,4225537533,P1VyQSoV
Desmund,Willgoose,dwillgoose7f@adobe.com,8138783024,NwIowEV
Pierre,Keaves,pkeaves7g@bbb.org,1336653976,Rb25Z2Ulbw6N
Cher,Prattington,cprattington7h@addtoany.com,7818158695,BARAbDC
Jerrylee,Dofty,jdofty7i@sina.com.cn,7503090912,OGv9ErgrEg
Kendrick,Goor,kgoor7j@clickbank.net,1845982901,RP7kmBnZJX
Iago,Le Claire,ileclaire7k@trellian.com,3776935325,4xFgKZuT
Maurise,Ruffles,mruffles7l@salon.com,2729362003,qFOTPlTkc8
Frannie,Estevez,festevez7m@jigsy.com,2932664375,rUlVLPwVy
Andrey,Joubert,ajoubert7n@last.fm,8408258340,7R6N6bLGImXI
Deborah,Boutellier,dboutellier7o@hibu.com,1725883316,6XZb9ubN
Angel,Sailor,asailor7p@icio.us,8353252281,oBTEy8npjFs
Marc,Davydenko,mdavydenko7q@mediafire.com,5362051955,1jNIOYFu4
Laurella,Hearnaman,lhearnaman7r@vk.com,9536285462,Clf7P2Ym
Cal,Beckensall,cbeckensall7s@facebook.com,5189766704,DiLUVRaO5WH
Korella,Veschambre,kveschambre7t@china.com.cn,8882079910,Pk7CuF1YMTMl
Gayel,Oneal,goneal7u@sitemeter.com,7171455697,P1M2OXtKBm
Tandi,Offord,tofford7v@google.fr,1869871605,BjF0UVkr
Jae,Box,jbox7w@artisteer.com,7959632364,iqc6PcXVQucL
Brenna,Tolland,btolland7x@toplist.cz,8285125802,EUxaSwV6
Shannah,Sprason,ssprason7y@hc360.com,3412331183,rtRP66RYw
Issi,Clausewitz,iclausewitz7z@latimes.com,2406710828,k8aDzEi9uA
Erhard,Halwood,ehalwood80@abc.net.au,2498052206,cznUxXhwtX
Stearne,Gowling,sgowling81@123-reg.co.uk,4217410956,KfnXkiGD7GV4
Gerrard,Fiander,gfiander82@blog.com,4878140074,CR7r9mQ
Ralph,Blakeley,rblakeley83@ucsd.edu,6184104017,Tbg9bj9
Tedd,Ledwitch,tledwitch84@bing.com,3852708478,lkiChmwGX
Milt,Aldersea,maldersea85@ucoz.com,3195100064,AEQ4jl
Lonnie,Bugg,lbugg86@vinaora.com,5033943847,MHHhyGHt
Ryley,Medling,rmedling87@discuz.net,5432941624,7Qk30ieUhmIF
Taddeo,Nan Carrow,tnancarrow88@rakuten.co.jp,1101959229,RS3qgjeyZ
Eloisa,Mundford,emundford89@ox.ac.uk,7959447448,uHOzJjFK
Gisela,McCathay,gmccathay8a@boston.com,1418078595,EbzFOISl
Godfry,Simkiss,gsimkiss8b@furl.net,9757014121,gDceHgj9G
Carin,Stanborough,cstanborough8c@cisco.com,6852745822,56Aa94L8dF
Julia,Plimmer,jplimmer8d@dagondesign.com,1414651801,SHy6XAUD23Z
Georgia,Kibbye,gkibbye8e@aol.com,5322802248,GE8ngmTOrmwp
Gerick,Caplen,gcaplen8f@elpais.com,2626390574,3MDpNx
Sarah,Stannislawski,sstannislawski8g@pen.io,2297516254,cJi8CgyfQ
Rahal,Wase,rwase8h@tmall.com,4536424271,MsxY3RszMQ
Mikael,Klamman,mklamman8i@ftc.gov,7992205143,kEGp8ogGRq
Reyna,Drache,rdrache8j@alibaba.com,9721410560,cFVsSI
Daron,Gorvette,dgorvette8k@youtube.com,1641155574,oY8rgGa2l
Normy,Mc Caughen,nmccaughen8l@soup.io,6275245195,bg1voaff
Jocelyne,Francombe,jfrancombe8m@moonfruit.com,9875850475,AMsLjY5H
Faythe,MacPhail,fmacphail8n@ucoz.ru,7347844497,zWNqNig3u
Con,Scud,cscud8o@blinklist.com,3393812207,2Pjh2l
Cassie,O'Docherty,codocherty8p@ocn.ne.jp,4944506567,uvbnCW52t
Edd,Bovaird,ebovaird8q@usda.gov,1253089428,DZpvfD
Rosy,Courteney,rcourteney8r@canalblog.com,1028668424,mA4DH4Ah
Melisent,Whiteland,mwhiteland8s@163.com,9121765766,vwOajZmP7hxO
Livvie,Rodders,lrodders8t@diigo.com,4619367664,CEGagCF8hirw
Peggi,Goodlett,pgoodlett8u@marketwatch.com,3294664945,hvhuQA
Carey,Waylen,cwaylen8v@webs.com,1938423746,Kw6bA6vUKm
Powell,Friedlos,pfriedlos8w@feedburner.com,1582313050,uBEoBB4H
Della,Jessett,djessett8x@free.fr,2926867166,Kylo9RReaNq
Coraline,Easton,ceaston8y@answers.com,5894641739,LjFykOaL
Itch,O'Sheils,iosheils8z@wiley.com,6075424092,iOMDqfvH4y
Josephina,Dandie,jdandie90@buzzfeed.com,1075133491,G8zHVdW7zq
Tricia,Ollarenshaw,tollarenshaw91@reverbnation.com,6646399741,ClY4h00yi
Erich,Faunch,efaunch92@is.gd,5889798583,kJVBcs1Lm
Devina,Loveitt,dloveitt93@com.com,9899169966,hmbD0QSFo
Babette,Iacopini,biacopini94@linkedin.com,4055180776,rJCmCVAa5
Tailor,Bloxholm,tbloxholm95@bluehost.com,5962429230,29ODlosKMbH
Lora,Greason,lgreason96@blogspot.com,4549778076,oTKDNAKYF2K
Alwyn,Bricket,abricket97@timesonline.co.uk,4454792929,sRRkjuSQ4l
Elane,Moff,emoff98@npr.org,4884330327,Tg8GTV4HGI
Saleem,Rate,srate99@state.tx.us,8769245139,lfYXu1Vu
Bryna,Allbones,ballbones9a@pagesperso-orange.fr,1416395893,WQvW7B
Caroline,Welland,cwelland9b@vistaprint.com,1832857294,6BFmBXc
Ebba,Hinder,ehinder9c@ehow.com,8682630688,l9y7wkS3
Ermina,Brereton,ebrereton9d@vistaprint.com,8284929398,ypbZ1WqwSd
Trevor,Boyle,tboyle9e@pcworld.com,1968979099,EF3rBYI
Crichton,Whelan,cwhelan9f@omniture.com,5826020870,gCCFZM
Daven,Warham,dwarham9g@timesonline.co.uk,5883111268,CHTOqxX6
Nikkie,Hutcheon,nhutcheon9h@europa.eu,3048267163,KMC10Zvu
Lorri,Climie,lclimie9i@businesswire.com,5946974262,oBWPjWDwb
Bathsheba,Kloser,bkloser9j@google.com.br,5211190359,5OEhCqjI
Giustina,Ratazzi,gratazzi9k@qq.com,3775824557,XCmakLkT
Daphna,Crofthwaite,dcrofthwaite9l@eepurl.com,2747333617,HEdbHkgm
Francesca,O'Dowling,fodowling9m@live.com,8064660813,hL4Bv0viqtt
Tristam,Glew,tglew9n@netvibes.com,3091616468,flHVDjDHh2Wm
Van,Van Leijs,vvanleijs9o@army.mil,6988653082,9gVvGIZqO
Ingrim,Shoveller,ishoveller9p@thetimes.co.uk,9734319607,4TxyOPpu
Patty,Springell,pspringell9q@google.nl,4637477553,jOMh3Q9GdA
Felicio,Kording,fkording9r@usa.gov,3038973867,Ci4dGbUp
Reeba,Truwert,rtruwert9s@nydailynews.com,6707631400,jK69P5
Nelie,Setford,nsetford9t@engadget.com,3196506863,3AQz7RKyyZh
Ambur,Larmett,alarmett9u@parallels.com,8548284174,xQSVTR3
Rowe,Dollar,rdollar9v@engadget.com,6498688092,FP8uEnJtfh
Joyann,Trenbey,jtrenbey9w@tmall.com,2611198839,pSrNYVJkq
Almeria,McKniely,amckniely9x@salon.com,3184502069,RS0HQU
Milka,Gulston,mgulston9y@pen.io,6085555226,qmutAEtwe6Mn
Mirelle,Jados,mjados9z@feedburner.com,2299821426,fJqV9b3K
Trey,Grigoire,tgrigoirea0@fastcompany.com,5476177088,Q930UDaDuxXu
Gaspard,Rodder,groddera1@bloomberg.com,3606432231,yFke5J
Wilt,Raddin,wraddina2@issuu.com,5104286425,Ut0SEgOTdY
Jewell,Cottam,jcottama3@marketwatch.com,8985986096,UmhCtOD
Nev,Matthisson,nmatthissona4@wunderground.com,3676610364,V7KrqMcWYa
Helenka,Detoile,hdetoilea5@msn.com,4704245081,SY2e9hlTFXy
Dave,Hryniewicki,dhryniewickia6@arstechnica.com,9162305350,Q1Q87JtFC
Allys,Christall,achristalla7@weebly.com,8315473121,MzQUCvNZj
Minnie,Berth,mbertha8@ask.com,9788533761,DLaCG0
Neila,Kitchingman,nkitchingmana9@google.cn,8854477129,wxXMAfWren
Gardie,Kybbye,gkybbyeaa@salon.com,6156826492,WL8stfoYxX
Lorrie,McClay,lmcclayab@opensource.org,7505823974,TX0G5lEU
Berty,Franschini,bfranschiniac@noaa.gov,9301038903,akYMJ284uY5g
Marion,Cosker,mcoskerad@about.com,7527146175,6TiA3pSP
Kiele,Rookledge,krookledgeae@storify.com,7754467991,InFdZ8pFy
Bonni,Scramage,bscramageaf@nymag.com,1852577117,B5nDlgzLrf
Guthrie,Leroux,glerouxag@japanpost.jp,4603292277,fbAQjWl
Tova,Cholwell,tcholwellah@virginia.edu,3104442653,TNVWrTvI3
Hallie,Duiged,hduigedai@wunderground.com,9142521781,hdhODcakxC
Penny,Schwander,pschwanderaj@admin.ch,7583425105,QXqJbv
De witt,Sandars,dsandarsak@clickbank.net,1709102918,wF21g07a
Amanda,Ranfield,aranfieldal@ucsd.edu,3326196002,mXQJWTkjN
Devon,Sotheron,dsotheronam@time.com,2271680458,YlVuCPni
Dominique,Livzey,dlivzeyan@last.fm,6829762054,V2V8GOIlZr
Gates,Hayzer,ghayzerao@spotify.com,8566459310,tEeJNOX
Joyous,Lightfoot,jlightfootap@barnesandnoble.com,1315605353,B4pphr
Waite,Jeckells,wjeckellsaq@trellian.com,2194042033,2kYTtHrr
Eolande,O'Gleasane,eogleasanear@usatoday.com,2681409074,x4NGHNr
Flori,Gallaher,fgallaheras@ning.com,1064299253,f5dtMQFw4N
Skelly,De Ruggiero,sderuggieroat@mayoclinic.com,3867918050,6QxI3F
Wes,Brimley,wbrimleyau@geocities.com,1179462388,EteHKzM
Asia,Thorrington,athorringtonav@sphinn.com,1832623286,qrEdx8
Winnifred,Billsberry,wbillsberryaw@wordpress.org,4319570305,bi6ez3s40K28
Rorie,McVeagh,rmcveaghax@ycombinator.com,5965007718,yKPBnUw
Vick,Flintuff,vflintuffay@feedburner.com,8508328636,HwPKqDq5JR6y
Van,Harrigan,vharriganaz@smh.com.au,8516778986,Gp2kg3E
Kit,Early,kearlyb0@delicious.com,6131525224,stdVmGs
Hall,Alster,halsterb1@independent.co.uk,6385595392,uHrHmyy
Dame,Summerlie,dsummerlieb2@addthis.com,1337518043,jjrP3KruUq
Amandie,Ould,aouldb3@theatlantic.com,7605777490,GUOC0oyH
Ellyn,Jime,ejimeb4@google.it,1477988502,8vbGt7Fva
Graig,Wharmby,gwharmbyb5@timesonline.co.uk,7589061261,CY0019SBa
Hart,Wagen,hwagenb6@admin.ch,2515442796,mXHqHqc3
Steffi,McCane,smccaneb7@amazonaws.com,4822466803,kK3k5kPXv
Arabel,Royal,aroyalb8@shareasale.com,8065888069,RjhUASsOe4
Hans,Dyzart,hdyzartb9@nbcnews.com,9695319061,E5uHO0I
Elene,Westlake,ewestlakeba@e-recht24.de,9928143530,2IeRW8jmTOZ
Shem,Pawling,spawlingbb@ow.ly,7278901468,FmvCkopSP
Jacklyn,Maffulli,jmaffullibc@arstechnica.com,4692002612,umu0U5ij
Ann-marie,Backler,abacklerbd@mtv.com,8387504425,etO6R93
Kimberlee,Ripping,krippingbe@mapquest.com,5585481768,uNag9569VOb
Jackie,Georgeon,jgeorgeonbf@nhs.uk,2476487961,c3M7wveBnZ
Mitch,Freiberg,mfreibergbg@friendfeed.com,6043744444,3oElMY79
Dominique,Betteney,dbetteneybh@dyndns.org,4995746494,J2jkoM
Bamby,Loveland,blovelandbi@pagesperso-orange.fr,5992364534,UiPWp3yMyx7
Lonnie,Derby,lderbybj@amazon.com,5165392665,XdjSoeXYg9OM
Bevon,Downe,bdownebk@mozilla.org,5101335532,9B0EAHN
Daryl,Jovic,djovicbl@t.co,7884236111,SDfi7C
Matelda,Maffioletti,mmaffiolettibm@t.co,4622174580,fd9BpHeH2Fc
Nerita,Trevan,ntrevanbn@adobe.com,4695959286,nPWTh4Z
Antonin,MacNish,amacnishbo@businessweek.com,6411646622,Ow48hI91OhJ6
Melina,Schout,mschoutbp@hc360.com,9101945593,4vIBdDCy
Gaylene,Telega,gtelegabq@jugem.jp,2152963983,MQZ4zdy4NOR
Benny,Agius,bagiusbr@guardian.co.uk,3465283843,6pjlxBM8P
Mario,Tunna,mtunnabs@wix.com,4417650352,5h7orotNTR
Ashil,Moorerud,amoorerudbt@marriott.com,8019434394,2O4Kzri
Joline,Bande,jbandebu@newyorker.com,6785132466,RQ5EVxkIuIkR
Gizela,Saveall,gsaveallbv@imgur.com,5031469371,8GN3JJz
Bayard,Quinnette,bquinnettebw@homestead.com,8391361522,qSCooFRv5
Mordy,MacAdam,mmacadambx@telegraph.co.uk,7051150685,DiVNgvWC
June,Bosdet,jbosdetby@cam.ac.uk,9343100214,SUei3jh6G
Clarice,Calley,ccalleybz@cornell.edu,6153271237,Dai8r2hK
Abigail,McCafferky,amccafferkyc0@wiley.com,3038016036,ENhkMfiiH
Wolfgang,Priter,wpriterc1@theguardian.com,7508790993,aFutKoS1dHI
Rafaellle,Janecki,rjaneckic2@trellian.com,3971359324,EVbWCazU4Gp
Jenda,Care,jcarec3@blog.com,9112205553,czkkn9cqnuch
Shaw,Gatiss,sgatissc4@businesswire.com,2456283850,EoLVo4TYsF9K
Brigida,Lithcow,blithcowc5@yolasite.com,6603042177,J9YGz8s
Rosalynd,Bidmead,rbidmeadc6@storify.com,9796035282,tWSg9ahg72
Renae,Nieass,rnieassc7@sitemeter.com,2934407765,PfnPWLF
Janna,Minards,jminardsc8@furl.net,1196107311,WGqAHg
Roderick,Wolstenholme,rwolstenholmec9@php.net,4477070017,Q7QhWIhiO
Gaelan,Wait,gwaitca@vistaprint.com,8564512729,kcEwtm
Leigh,Wilkisson,lwilkissoncb@wikispaces.com,7882972603,eFBEOel5S9
Lawrence,Orrey,lorreycc@ustream.tv,7922282057,EbZZeXE
Obadias,Crosseland,ocrosselandcd@opensource.org,2767818688,kg3VKEI2
Shel,Pittam,spittamce@va.gov,2358335780,IrX4c8zl82l
Rance,Challender,rchallendercf@prweb.com,2069305378,PiR02qfpBX
Honor,Sudworth,hsudworthcg@prweb.com,8527069958,sfUwCgjz
Dene,Shawdforth,dshawdforthch@shareasale.com,9905238210,gQtD0ZzY0DHG
Amanda,Daunter,adaunterci@wikimedia.org,3044889299,4IdOhFQ
Chad,Birmingham,cbirminghamcj@delicious.com,2776768590,nrfTgr
Juli,Roy,jroyck@shop-pro.jp,2186957448,BrlVdjS6rtx
Wheeler,D'eath,wdeathcl@stanford.edu,5463952055,bpaHnl7GIjp
Vance,Bark,vbarkcm@rediff.com,2403212202,rcwOXLiMmux
Salvidor,Fickling,sficklingcn@miibeian.gov.cn,6072661775,RsBRwAYh
Danette,Sinnie,dsinnieco@sciencedirect.com,4261304138,8AkMCf
Emanuel,Terrey,eterreycp@is.gd,5604567052,zsYb5fq1GyjQ
Deloria,Deuss,ddeusscq@phoca.cz,7978204949,J9UETYVFH1
Granger,Noto,gnotocr@chron.com,7483005077,tpdMH0EWU8f
Kristofer,Sheather,ksheathercs@prweb.com,7811012426,GPjFtpep
Culver,Ivanyushin,civanyushinct@google.pl,9262078317,FIEeRwv5xUj
Thornton,Voisey,tvoiseycu@opera.com,8226024982,uKGEO6glZ
Siouxie,Cosgrave,scosgravecv@alibaba.com,7048370701,p1o93OW
Gardie,Sustins,gsustinscw@usatoday.com,9366050755,nHkLrJ0iXKps
Percival,Knight,pknightcx@mlb.com,4902583671,9s8Y8e
Rochette,Zecchii,rzecchiicy@marketwatch.com,5843521065,2uJQPyC
Noemi,Nineham,nninehamcz@weibo.com,8743652946,aFKPcdWhVlJ
Way,Common,wcommond0@cnn.com,3786505278,qxIqmgFIgkt
Judith,McTrustey,jmctrusteyd1@delicious.com,5896009006,yPrsNAPa
Danielle,Rodrigues,drodriguesd2@dmoz.org,2876378909,w5P2YU
Nickolai,Stileman,nstilemand3@youtu.be,6929296740,jkWEw2P
Bonny,Monsey,bmonseyd4@topsy.com,2464619958,ZIEKnwO2a
Inger,Jude,ijuded5@narod.ru,7453321214,1NtFNYH8Y
Douglass,Killen,dkillend6@theatlantic.com,3426002943,jsfzlLy
Nessie,Rigglesford,nrigglesfordd7@jimdo.com,3654110255,ocyoX3g
Taylor,Camilleri,tcamillerid8@mapy.cz,6163482705,C39iSq9pfqvn
Kenon,Deneve,kdeneved9@upenn.edu,5955402184,Bs8TxHAQe
Alexi,Epps,aeppsda@people.com.cn,4396788374,41pub0Z2lg
Thatcher,Stickley,tstickleydb@seesaa.net,4196163036,wQ27fs88cTa
Christoper,Brownell,cbrownelldc@sbwire.com,3996115049,XFQPeL
Estrella,McMorran,emcmorrandd@mysql.com,5291140823,RQjMrI
Rene,Duinbleton,rduinbletonde@exblog.jp,2623037763,2aASZsOCZ
Hubert,Lorey,hloreydf@ehow.com,4342780558,WbJzSdV9P02
Prue,Burgoin,pburgoindg@statcounter.com,4582083146,4aSTkVM5FZrd
Butch,Dorian,bdoriandh@biglobe.ne.jp,6871865783,1ESs2CEislwq
Rosanne,Burde,rburdedi@wisc.edu,7195878382,lF0KKV
Arch,Hansmann,ahansmanndj@elpais.com,1539279342,cqsKVvITmQbO
Sophey,Book,sbookdk@edublogs.org,9938501070,SbeWrxjesJ
Koressa,Regan,kregandl@slate.com,8222934681,nOpCeUjJTie
Johan,Ramplee,jrampleedm@businessinsider.com,2547749389,FcgF2SfsY
Arlena,McGuinley,amcguinleydn@amazon.de,1822770873,njVs9mkKChg
Merle,Witherby,mwitherbydo@washington.edu,9524461229,w3ZQuZ
Arlena,Richly,arichlydp@multiply.com,7341187902,iUXPvGB
Meta,Keller,mkellerdq@independent.co.uk,9417960215,sKYlBVtLB
Lynde,Kaliszewski,lkaliszewskidr@devhub.com,6069007146,uJ42otfUJ
Danya,Tallman,dtallmands@va.gov,3195736671,21dhpQSl8
Aleta,Mouton,amoutondt@techcrunch.com,5605003529,8W0ipi0
Kimbell,Loeber,kloeberdu@pagesperso-orange.fr,1925202910,26yp9t
Bryna,Castellan,bcastellandv@google.ca,7206642656,Yh9zE8
Hettie,Valens-Smith,hvalenssmithdw@psu.edu,8344336261,Wpg0qNJ
Nomi,Owttrim,nowttrimdx@google.es,5899738918,TSpu99IL
Barny,Calverley,bcalverleydy@ycombinator.com,7224520305,Tf67kZgt
Alicia,Randales,arandalesdz@berkeley.edu,9295181624,HkUYxYwKP
Yasmeen,O'Gleasane,yogleasanee0@ameblo.jp,3982818541,6BivnW
Cesar,Summerlie,csummerliee1@bravesites.com,2959824818,bJDM32
Xylia,Greatland,xgreatlande2@seesaa.net,4707292692,9LLxjg
Ashia,Weatherdon,aweatherdone3@alexa.com,5871989075,DxDJIjpi
Merrile,Schreurs,mschreurse4@shop-pro.jp,3231877236,gTbfRFH
Zelma,Rosendahl,zrosendahle5@nba.com,1309772528,sFmvuj2J
Rosmunda,Aronowitz,raronowitze6@w3.org,3521304315,SDWUIx
Leeann,Wais,lwaise7@thetimes.co.uk,3961795825,tQt3eNVb5H2
Alphonse,Lorriman,alorrimane8@epa.gov,6253929600,23mppuLV
Viole,McCrainor,vmccrainore9@accuweather.com,8976414167,nHmGGYsg8vn
Loraine,Try,ltryea@whitehouse.gov,4691808641,G2hSCX9fu
Miran,Trowel,mtroweleb@merriam-webster.com,6982958661,kL5FUi
Tiff,Clausewitz,tclausewitzec@studiopress.com,1396490422,zZAJkiQYh
Teddy,Perham,tperhamed@xrea.com,1738351309,pdNQkDRj5H
Charo,Morsley,cmorsleyee@elpais.com,4371658406,Zz8GCyZ
Harlen,Wason,hwasonef@engadget.com,6107202916,nNYZaW
Chrissy,Summerson,csummersoneg@imdb.com,9846077865,dQAaxGR
Rhys,Cagan,rcaganeh@qq.com,6576409707,NTFSpd4jj
Dynah,Amsberger,damsbergerei@nature.com,8771136152,P3NpGPhkj
Krishnah,Brightman,kbrightmanej@networkadvertising.org,9969265290,nkSLl8
Tova,Armfield,tarmfieldek@google.fr,3755592428,d4jIHL
Anna-maria,Cartmel,acartmelel@last.fm,1772618910,rocaAz
Felice,Muscroft,fmuscroftem@behance.net,7268488691,0fhUczn6gu
Muire,Epple,meppleen@meetup.com,7561599500,8IaOXdBZEW
Maurie,Creech,mcreecheo@behance.net,3256242250,JKc8weCWm0ei
Montague,McInally,mmcinallyep@forbes.com,2572855887,48EPRjhCx
Jillana,Zold,jzoldeq@bloglovin.com,6693405596,tKVFOG
Adiana,Leather,aleatherer@hp.com,6654045344,zvFhx6JGU9oK
Larissa,Rozanski,lrozanskies@so-net.ne.jp,1812119390,cjQiQoBqC0jv
Dodi,Alltimes,dalltimeset@netscape.com,3739951376,znkKuDY08tEb
Anallese,Jupp,ajuppeu@google.ca,5204097381,EM0ZQ7g
Cesare,Barkas,cbarkasev@networkadvertising.org,5295123265,5zlc62GiJ
Yancy,Sanbrooke,ysanbrookeew@mac.com,1777467581,TKDhWJKw
Maris,Peaddie,mpeaddieex@booking.com,4909883944,KrcVohXw
Kendal,Lewty,klewtyey@meetup.com,3522847122,3w7Whgp
Meara,Fellini,mfelliniez@vistaprint.com,2724270864,YpR8erGG3
Dunstan,Olkowicz,dolkowiczf0@reverbnation.com,9996490923,vDY545TO
Ugo,Hariot,uhariotf1@chron.com,9833484854,QsHnINmSKORG
Oliver,Rodda,oroddaf2@tripod.com,5088178192,uPcgyT6JO9R
Kevyn,Bartleman,kbartlemanf3@163.com,7114817482,TSG0iRz
Minda,Valde,mvaldef4@tinyurl.com,5679228700,Buro6HOgN5f2
Alain,Filip,afilipf5@wisc.edu,4724482210,EwfzPB
Alanna,Ogglebie,aogglebief6@hud.gov,7066847611,mFAHLlz2h
Clarice,Landrieu,clandrieuf7@pagesperso-orange.fr,7095773441,iwAWnWTua7H4
Ambros,Tansill,atansillf8@icq.com,5464411841,ybAkKu
Gib,Roggers,groggersf9@blogger.com,9013159563,p0Av9hkbVn
Brigg,Peterken,bpeterkenfa@w3.org,7419476621,v41vXTwkkVU
Malvin,McNiven,mmcnivenfb@weebly.com,9915240165,ZkrMt96ABqR
Petronille,Wastell,pwastellfc@bbb.org,5498908538,ZnWd8MQ
Micheline,Spaven,mspavenfd@skyrock.com,6331289186,xHxw9RYRd5
Janifer,Pesak,jpesakfe@unblog.fr,3361988539,2HFRYAab7s
Tim,Mouth,tmouthff@gnu.org,9365427404,DobP7J3U2i
Andre,Ingman,aingmanfg@ebay.co.uk,8105662961,NE2EPzcvHlGq
Sergeant,Bricket,sbricketfh@deviantart.com,8037331142,oGFlRc9uTtvI
Baldwin,Hadden,bhaddenfi@php.net,7342708221,w0ve2sQkvE4q
Eadie,Veljes,eveljesfj@scientificamerican.com,2557250017,0dAFnKdgABb0
Sissie,Felipe,sfelipefk@virginia.edu,3016921852,yylfVlDbY5zh
Cass,MacTurlough,cmacturloughfl@mozilla.com,6638528507,82LUxsGdCA
Hortense,Gaitley,hgaitleyfm@google.nl,3097312665,KSovSx
Dev,Gomersal,dgomersalfn@nature.com,6184372618,cQVawA7a6S
Carin,Figgs,cfiggsfo@addtoany.com,6704494449,agFlSFGvN6BA
Shanon,Pattini,spattinifp@admin.ch,6977309755,gQVjAzvk7IU
Deane,Paramor,dparamorfq@ustream.tv,9125928709,ccJneP
Vidovic,Peetermann,vpeetermannfr@google.fr,6661366094,CL5QEIwA
Nial,Hartrick,nhartrickfs@merriam-webster.com,8737320866,dpPPu65r6qT
Dulsea,Davidson,ddavidsonft@sohu.com,8231614383,TzIvAtx
Rhea,Lukasik,rlukasikfu@dmoz.org,6216625277,F2Ra4kgu
Roby,Munkley,rmunkleyfv@elpais.com,4914546189,7t07ddaf2j
Thoma,Beecraft,tbeecraftfw@sohu.com,3575719030,z2Z7wpjYCt0
Giles,Bernollet,gbernolletfx@free.fr,1045521187,X9SjsP
Lib,Opdenorth,lopdenorthfy@mtv.com,8758689559,nAegxj0xKMK
Grange,Neles,gnelesfz@google.com.au,9908811636,L1cW7OTVr
Norri,Paris,nparisg0@mac.com,2703287612,d8xRGC
Abba,Munt,amuntg1@vinaora.com,5472347884,LXVJH4XUtSJr
Gayle,Skirlin,gskirling2@facebook.com,7335036713,DKbfQSjEK
Camilla,Elfes,celfesg3@pbs.org,8893008613,VVTpUGBzD3k
Sydney,MacKibbon,smackibbong4@miitbeian.gov.cn,8487186689,QnbTEhknT
Ana,Biermatowicz,abiermatowiczg5@woothemes.com,7004315726,EFOiuKL5C7P
Sharl,Boffey,sboffeyg6@wp.com,1559032696,2Isqf1HOKfS
Rivkah,Bubear,rbubearg7@jugem.jp,3353135657,O1BsA7
Rafferty,Crunden,rcrundeng8@sfgate.com,3544711857,WTfBW4EUP
Jay,Tapp,jtappg9@behance.net,2202757055,530mrJl
Kit,Giovannoni,kgiovannoniga@sina.com.cn,5169314684,QCp0n4SEUqzN
Hymie,Gueste,hguestegb@nps.gov,5381258138,XrKzuAi8eMV
Lanni,Evered,leveredgc@posterous.com,5251469417,1XfPRG
Cory,Arson,carsongd@state.tx.us,9071978371,YX3t5Yu9zROj
Clementius,Streat,cstreatge@nsw.gov.au,1123088045,elNCxTi
Richmound,Alenshev,ralenshevgf@epa.gov,8031201812,OF0VRUU
Christie,Skillman,cskillmangg@mac.com,5737554607,bKTKwG
Cesaro,Pechet,cpechetgh@amazon.co.uk,1683631752,escyKkXa
Renee,Healings,rhealingsgi@earthlink.net,9807859719,f08MgUyKi
Marjorie,Powderham,mpowderhamgj@hc360.com,3025984163,18HL5aP
Torrie,Robecon,trobecongk@nyu.edu,7087149018,TeBxBUS
Josey,Fergyson,jfergysongl@kickstarter.com,1054468204,YV2FpwzOY
Brad,McGeorge,bmcgeorgegm@123-reg.co.uk,5362012294,B6vCEDNjk6
Hirsch,Abramovic,habramovicgn@webnode.com,1669100612,5VEcy0iFXKZ
Yehudit,Croote,ycrootego@auda.org.au,8736376938,1uCFU7t
Lanae,Michelmore,lmichelmoregp@163.com,4142643803,treCxZ
Lyon,Kuhne,lkuhnegq@wikispaces.com,1223478065,5heNeB
Pam,Jonin,pjoningr@tinypic.com,5404017683,MPHnxGF
Christie,Lutwyche,clutwychegs@netvibes.com,7371340297,rlaPB8mIRi
Benoit,Marty,bmartygt@mozilla.com,6212122932,HhOoRs
Ricard,Summerlee,rsummerleegu@deviantart.com,6709976882,0EKH66bzvx
Birk,Jaffrey,bjaffreygv@barnesandnoble.com,3103785642,pJdwxyYDyztD
Karney,Elderbrant,kelderbrantgw@vkontakte.ru,3097511459,G9TlcH1LHNXn
Shanie,Pereira,spereiragx@sbwire.com,9803223822,tJIwBgjfy
Pattie,McQuorkell,pmcquorkellgy@arstechnica.com,3042186506,1JPb1pUsW
Jobye,Varne,jvarnegz@disqus.com,9483925969,noEBuH3MXW
Edithe,Armor,earmorh0@cornell.edu,1084425477,qUN1AxXAiT
Leigha,Longina,llonginah1@mashable.com,5965371376,70pFCW
Page,Dowman,pdowmanh2@e-recht24.de,4653363814,N07iYJd
Linzy,Birkinshaw,lbirkinshawh3@netvibes.com,2574356290,UubxmePle
Mordy,Veel,mveelh4@nationalgeographic.com,5696388212,FXtu9Q7Dp
Felike,Cosgriff,fcosgriffh5@cnet.com,1029459148,1od1GkZBWGs
Cletis,Wheeliker,cwheelikerh6@google.it,5791812592,WQOgyAXP0
Roger,Seniour,rseniourh7@ft.com,6818611126,9TLe9s3w
Alice,Treversh,atrevershh8@squidoo.com,1942078312,bYDKhB7a3Y
Patrice,Niave,pniaveh9@zdnet.com,5445147505,iK5p1MBO
Katherine,Sorsbie,ksorsbieha@prlog.org,7202060964,w39UVuP
Nolly,Kain,nkainhb@miibeian.gov.cn,7943097199,oEW1aEN8
Cicely,Alam,calamhc@tuttocitta.it,1811779641,nnl2NKQ6lK
Lee,Carlino,lcarlinohd@newsvine.com,5367966000,2VPhR3q
Benton,Budgen,bbudgenhe@independent.co.uk,5298718366,khw7p5Nn
Morie,Feely,mfeelyhf@paypal.com,2643364295,WYnk020M5
Koo,Human,khumanhg@fastcompany.com,7061334828,qCPmcFMrS02J
Earle,Welton,eweltonhh@ask.com,2392565097,qqxXimsS
Modesty,Ech,mechhi@soundcloud.com,3606902020,8JGq4HW5qB
Onofredo,Barfield,obarfieldhj@facebook.com,4547260175,vwFLPCB9VDv
Norry,Yea,nyeahk@google.cn,2376680863,vWyxYILXbo
Hillery,Ruzicka,hruzickahl@time.com,3052745470,kHbhCL
Sigfrid,Sparway,ssparwayhm@narod.ru,5655645250,YMBMpifpw6V
Kenyon,Otton,kottonhn@cnet.com,8556068638,wjXdhb
Ingaborg,Riddett,iriddettho@istockphoto.com,2775813172,LA92k2HKM9dE
Kain,Arndt,karndthp@1und1.de,4224940355,FDwWDu
Cobbie,Neumann,cneumannhq@about.me,2557129182,PKt7gWj2
Clarissa,Izakoff,cizakoffhr@phoca.cz,6879134866,uH79eWWs
Howard,Abeles,habeleshs@bbb.org,3939944813,wNVUAgMFYwv
Ilsa,Duker,idukerht@cam.ac.uk,7419218946,HvfHj8
Gianna,Hibbart,ghibbarthu@webnode.com,3948980789,8PM48thKUKw
Roderick,Deavin,rdeavinhv@ameblo.jp,6883914299,jwGA0WqaCNv
Cele,Hillan,chillanhw@sfgate.com,9472155504,pWdyipDUZYH
Redford,Londsdale,rlondsdalehx@dailymail.co.uk,1682553016,81BjoTk
Fransisco,Glasson,fglassonhy@wunderground.com,5549539367,6K4owkNMsl
Bernete,Turtle,bturtlehz@1688.com,2051816484,dqfTwX
Isa,Woolrich,iwoolrichi0@privacy.gov.au,6534415133,pPv6HeNtmu
Cornelia,Frenchum,cfrenchumi1@about.com,7242071876,enSI2GTP9b
Deana,Hampstead,dhampsteadi2@census.gov,1231459576,IuphJAOng
Lianne,Bergeon,lbergeoni3@ning.com,4322650373,WCLYs1
Shell,Baptie,sbaptiei4@boston.com,4404408833,cwXiNCGFlR
Margalo,Bellon,mbelloni5@discuz.net,1593381988,Hfqvqt
Livy,Vasyukhnov,lvasyukhnovi6@technorati.com,2458438753,Mp9Z5Ome
Gaelan,Hagyard,ghagyardi7@nymag.com,9457041382,JJzou2OU
Drew,Jouhandeau,djouhandeaui8@prnewswire.com,8979527588,325o7UHvCMSJ
Malissia,Feben,mfebeni9@cdc.gov,5229319056,OYqo3N
Wilburt,Hacard,whacardia@exblog.jp,2387381113,TXCKVUil9vFa
Laural,Foster-Smith,lfostersmithib@topsy.com,3841857719,WbjffzLK
Davidson,Bleue,dbleueic@dion.ne.jp,3399552719,HrhWDfE
Henderson,Morrel,hmorrelid@washington.edu,5197575357,6fy82gD
Viki,Cowey,vcoweyie@netscape.com,9145071019,iBBpI5f
Daisi,Sloley,dsloleyif@drupal.org,3087734637,r5LkIUCc
Jaquelin,Goodban,jgoodbanig@dion.ne.jp,7093896893,UfYcL09T
Tatum,Jeannel,tjeannelih@typepad.com,9928441382,PyAvUd
Viviana,Alam,valamii@arstechnica.com,4357359393,J1re49IP0
Nobie,Boatright,nboatrightij@yelp.com,9212329648,AUkZWUhVX
Cher,Burgen,cburgenik@ow.ly,9344152309,lmUvi25YChm
Tarra,Younie,tyounieil@jimdo.com,5391965476,HYiRi3grXq
Nananne,Archer,narcherim@simplemachines.org,2568893057,fSIssO5Gn
Sebastian,Storton,sstortonin@issuu.com,2796483562,YZ5EHmf97a
Oralee,Lambersen,olambersenio@histats.com,9394179559,BfiOTj
Kip,Roscoe,kroscoeip@cnbc.com,5873196742,0JXPPT
Betty,Insoll,binsolliq@163.com,3694429434,xTPvpbsJ
Jacklyn,D'Angeli,jdangeliir@mysql.com,7399304596,zNLLYcZh5
Emmaline,Ciccerale,ecicceraleis@hp.com,6423634200,SZZnyo
Xylina,Clatworthy,xclatworthyit@sakura.ne.jp,8086344742,jcjmWG
Brita,Rookeby,brookebyiu@acquirethisname.com,2616616688,NNPr61sP
Joceline,Hauxby,jhauxbyiv@latimes.com,8242740880,URc184
Shawna,Hanhard,shanhardiw@army.mil,3893543920,rCAgEfyJCh
Noni,Picardo,npicardoix@indiatimes.com,3289630672,SNou60ykkdKj
Chrysler,Izachik,cizachikiy@dagondesign.com,6094859445,zr2h6dJnX
Raphaela,O'Keefe,rokeefeiz@nasa.gov,9255224047,lTQTPr8bsSdi
Madelon,Whight,mwhightj0@buzzfeed.com,1788996382,g08u6Qv
Anallese,MacGragh,amacgraghj1@webmd.com,5282022057,STYNLEvYZv
Humfrid,Dicte,hdictej2@whitehouse.gov,7287806811,ype1Xut
Karilynn,Gallaher,kgallaherj3@weebly.com,1608091831,KjuIZaJwEQH4
Ginnifer,Barme,gbarmej4@gnu.org,4115299888,Iv2jRkph
Maribeth,Hawgood,mhawgoodj5@acquirethisname.com,9083220656,AiovAy
Tabitha,Okenden,tokendenj6@examiner.com,4051083897,5aIQD0grd
Grace,Lowles,glowlesj7@nps.gov,6214922734,6qUrRv8
Gilbertina,Kores,gkoresj8@netlog.com,6914597692,lQbFosMqUC
Celestyn,Keston,ckestonj9@facebook.com,7694766946,3ElzJhrB
Tim,Blakes,tblakesja@mysql.com,6382766328,3v3UH1y86
Gwendolin,Vereker,gverekerjb@soundcloud.com,2515488033,aFxOOyFQEqH
Sibilla,Burles,sburlesjc@google.cn,1984511311,4yNganL
Rivkah,McIlraith,rmcilraithjd@slate.com,4595891475,YIg0oB4aNBF
Urson,Davisson,udavissonje@fastcompany.com,4477018622,lbghbi9x7y8
Shannen,De Marchi,sdemarchijf@tuttocitta.it,8938896143,UwIEy7ym4jx
Hube,Normabell,hnormabelljg@ibm.com,1985733391,ZdAq3x
Analise,Landers,alandersjh@geocities.jp,2082840031,HYsNmX
Graham,Burree,gburreeji@engadget.com,4738510591,E8gaSRyH
Karon,Iorillo,kiorillojj@ucla.edu,8819596747,OGXoZfd
Lelia,Broker,lbrokerjk@github.io,9746533666,fWaBEG058xM
Stanton,Hosten,shostenjl@ezinearticles.com,3505955351,QsmiETh
Leigha,Hothersall,lhothersalljm@ftc.gov,2579245068,VCHlTyDUP0
Rakel,Brusby,rbrusbyjn@edublogs.org,5272962209,Oy2qfSXBV
Ignacius,Thay,ithayjo@yale.edu,1561963455,CXqASmC
Renate,Pavitt,rpavittjp@hugedomains.com,5845154254,e8ETK9a8
Caryl,Lardez,clardezjq@prlog.org,6739547326,sX0KHHpLSAp
Gaby,Pitcock,gpitcockjr@usnews.com,4687628367,Qb2z8VX9e
Kip,Wetherick,kwetherickjs@blogger.com,5162803643,8DC7HqXs
Bud,Kubacek,bkubacekjt@hostgator.com,1807019069,xfvlkWg6yX
Simone,Prantoni,sprantoniju@umn.edu,5458939709,EJYLcZ
Taber,Jacquest,tjacquestjv@sciencedaily.com,7095898278,z3q8EYaTHG
Sherie,Lambert,slambertjw@yellowpages.com,7478109934,uWJoI647
Friedrick,Brittan,fbrittanjx@dedecms.com,7558523256,b9OGQCA
Katha,Jacomb,kjacombjy@eventbrite.com,3035059009,z2TrZieO2T
Fiona,Parlour,fparlourjz@de.vu,9515567388,1maOpKhUilx
Hilliary,Klassmann,hklassmannk0@newyorker.com,3905023061,V3uOb3t
Frederigo,Davidzon,fdavidzonk1@accuweather.com,2325536534,UmC1vWKo27
Cookie,O'Cahey,cocaheyk2@homestead.com,5239687569,9w4YwhQG
Chick,Petrashkov,cpetrashkovk3@ucsd.edu,4356970327,lfdYefJoj8
Arlan,Duiguid,aduiguidk4@simplemachines.org,2679855207,lLTOE9AeQg
Barnebas,Bollon,bbollonk5@photobucket.com,5908543453,uP1gVfLf3S
Lucie,Zanelli,lzanellik6@comcast.net,3605854801,dN1GGDYei
Ardelle,Wildin,awildink7@soundcloud.com,2635316179,kQTDlL9
Babbette,Romagnosi,bromagnosik8@chron.com,5108240495,6KYOqzkKCC
Rubie,Filyukov,rfilyukovk9@studiopress.com,6797815419,RBzmhP2Fv
Wolfie,Batterham,wbatterhamka@themeforest.net,5907633153,MSDLXfSI
Seward,Gleeson,sgleesonkb@canalblog.com,2267011598,YLUfgxrJ
Kevin,Le land,klelandkc@mozilla.com,7566233108,vyFH5SK
Hephzibah,Dinneges,hdinnegeskd@google.com,6196477487,2J5C5DS1T2Gr
Joelly,McAviy,jmcaviyke@google.pl,8132015255,BdrNqPyEE89
Alphonse,Rugiero,arugierokf@theatlantic.com,1902346505,7qej6jdp1
Rozina,Daudray,rdaudraykg@goo.ne.jp,8204398078,HoQxQO
Roberta,Hurne,rhurnekh@time.com,1847652145,V0lsXAkFeEUB
Merilee,Jopke,mjopkeki@scribd.com,3931141774,5Br8vk92NfM
Tiffi,Hazlegrove,thazlegrovekj@hubpages.com,2733047901,DKQHUktfh013
Ernie,Francesc,efrancesckk@squarespace.com,4222468247,Lbmf2rTtCY9e
Issiah,Traviss,itravisskl@furl.net,4525653582,eCevN62kJ
Clayborne,Draxford,cdraxfordkm@dedecms.com,8876880235,2niqmzGMuI
Tomaso,Minchell,tminchellkn@tripod.com,5062956437,EylnuYINNID
Claire,Arnecke,carneckeko@businessweek.com,4675319949,tzboVT
Madelle,Bennett,mbennettkp@etsy.com,5791454741,XjEvSMRU
Noella,Dmitrovic,ndmitrovickq@typepad.com,6241936659,JLDV7d
Meredeth,Pyson,mpysonkr@senate.gov,9298319159,YTzGoB2
Bertha,Rainbow,brainbowks@bigcartel.com,7263188640,TBpzFQ
Olimpia,Larmuth,olarmuthkt@nba.com,7947581338,JsAEgS9lv3
Adelheid,Swyre,aswyreku@china.com.cn,6336552943,0bsDCNtr8vU
Rabbi,Niblo,rniblokv@weather.com,1146229751,kBmR3jm8U
Hewett,Augar,haugarkw@wp.com,2647362846,NHcMfA0d3
Claiborne,Faithfull,cfaithfullkx@vistaprint.com,5774305225,mlZWGo4FFv
Tessi,Kayzer,tkayzerky@feedburner.com,5089903212,PwMSOQpFxiqr
Giana,Birkbeck,gbirkbeckkz@sina.com.cn,5008149475,ki177dcWcv
Bobinette,Chapelhow,bchapelhowl0@themeforest.net,1034081572,J9Yh1PL35
Gordie,Roads,groadsl1@yellowpages.com,4677233500,kuz0o9hW
Dionisio,Skirlin,dskirlinl2@independent.co.uk,8061653019,FLIqPcbdJ0u0
Emalee,Shadbolt,eshadboltl3@github.com,1828570400,TcXnkTDwi6lD
Walsh,Rochford,wrochfordl4@wiley.com,1748237835,BJj2G95ppu
Duane,Dahlback,ddahlbackl5@oracle.com,6999649454,qKYL0t3
Rowen,Bottom,rbottoml6@flickr.com,4918264079,XhxmMjk
Coral,Wadesworth,cwadesworthl7@huffingtonpost.com,4512953635,kcbVcqkG
Nichols,Neat,nneatl8@seattletimes.com,9183791375,D478FoZe
Viviene,Kippling,vkipplingl9@telegraph.co.uk,7262701311,cz6niDqkSW1
Cody,Buckell,cbuckellla@nbcnews.com,8958989076,bpEY0d
Job,Cheel,jcheellb@instagram.com,5585455434,jvkUgh
Mona,Rough,mroughlc@e-recht24.de,2531818566,bVVjmYj
Shea,Gerardeaux,sgerardeauxld@tinyurl.com,5853540751,pOXV801bpEsv
Maggi,Brotherwood,mbrotherwoodle@meetup.com,9066965449,3O1NYXOl
Neill,Gasperi,ngasperilf@mozilla.org,5526966528,IhFrGTa
Husain,Seagrove,hseagrovelg@list-manage.com,1558520552,h9qPmgQ
Elmira,Mothersdale,emothersdalelh@google.pl,1121752470,XgK4Olnmtpsh
Udale,O'Callaghan,uocallaghanli@auda.org.au,3769269976,8t30ptawAe
Rosco,Truder,rtruderlj@flickr.com,8961330099,M0HCKVS8se0r
Hedi,Grindall,hgrindalllk@google.cn,2179042207,j2mk4cE
Mateo,Cattermoul,mcattermoulll@drupal.org,9452831646,Zn0R6BLczrZ
Ichabod,Filinkov,ifilinkovlm@sciencedaily.com,4107070076,oLRNbVNxJSKx
Shelton,Johananoff,sjohananoffln@studiopress.com,1948119034,pN660IuyB3uQ
Joly,Devereu,jdevereulo@toplist.cz,5406516797,jqrufbcp
Carlina,Kilmurray,ckilmurraylp@nytimes.com,6981680179,By6WLB7q
Neal,Keedwell,nkeedwelllq@who.int,1675495761,vRwN6rWGL
Carita,de Cullip,cdeculliplr@sitemeter.com,8247565520,iGXcnvHY8XVu
Noelani,Felten,nfeltenls@independent.co.uk,5961607431,YeNN8PORZ
Aldo,Esselen,aesselenlt@tinypic.com,3657148258,y2vrK1
Opal,Jelk,ojelklu@dyndns.org,7417775573,ADKE4tAVDO
Mayer,Kenyon,mkenyonlv@theatlantic.com,3274702111,JbrHca
Jammie,Knott,jknottlw@4shared.com,2783488522,80RLdfl
Dollie,Doumic,ddoumiclx@nasa.gov,1122834013,8EjXdEIbteY
Mariellen,Fortune,mfortunely@joomla.org,3141954558,Okbkogx
Shanna,Novill,snovilllz@myspace.com,5079639981,7qU7tIkwrTY
Augie,Alps,aalpsm0@instagram.com,2671948640,dMPRaQIWDYpU
Wandis,Barter,wbarterm1@nationalgeographic.com,8341170438,OWktrx
Cam,Waddilove,cwaddilovem2@github.com,3221233544,ed4ZwF4aby
Si,Rozzier,srozzierm3@redcross.org,7506321448,iq7y7w7
Barry,Rolfi,brolfim4@mozilla.com,3129927911,Ebxfnr
Irv,Potten,ipottenm5@livejournal.com,5976480297,SfMz1zkz0
Cole,Royden,croydenm6@toplist.cz,5735089005,azcEwR
Vanny,Astie,vastiem7@sbwire.com,7952974567,yXj8Pu
Justino,Shorte,jshortem8@google.it,8877652004,2LUTT1
Fidelio,Berks,fberksm9@google.com.au,4171814065,QIRAnduNdAWM
Levi,Reinhard,lreinhardma@telegraph.co.uk,3822976419,5z7CMjup0Hu
Arlen,Brehat,abrehatmb@columbia.edu,2756956397,5Hb1mz
Ranice,Mathwin,rmathwinmc@psu.edu,9288453385,jr7nXx
Dory,Bitterton,dbittertonmd@altervista.org,1576370679,UERpU7q6h
Milissent,Haisell,mhaisellme@wiley.com,5321987262,oFxSDn
Maude,Dmitrievski,mdmitrievskimf@alibaba.com,4579113745,OdgHBeuHJ
Thibaut,Weldon,tweldonmg@macromedia.com,3559700366,SKLXs2Un64d
Sandy,Tomkinson,stomkinsonmh@oracle.com,5979145064,B6TR2Im4X43n
Audi,Gobeau,agobeaumi@ezinearticles.com,3518128751,5E83Ui5
Becky,Chaudron,bchaudronmj@multiply.com,7844104167,YqkciGxU8uO
Constantia,Onge,congemk@nytimes.com,2513090815,XBGPZxBLrFt8
Ugo,Girhard,ugirhardml@answers.com,1374106333,oF7QQ79UZhj7
Genevra,Godmar,ggodmarmm@mapquest.com,8775459590,q4yoLX
Garret,Cuxon,gcuxonmn@ihg.com,7756324935,jIvtVYBM
Pepita,McGooch,pmcgoochmo@ebay.co.uk,4965560266,pzscAP3
Godfree,Boughtflower,gboughtflowermp@princeton.edu,3795187787,7HaKPZzlhk
Camel,Revill,crevillmq@nifty.com,1657835258,Cn5i08ZVH
Irita,Turfitt,iturfittmr@flavors.me,5171531098,P8BfpsKATT
Rochell,Heskin,rheskinms@dailymail.co.uk,6385384060,ZD1vm4Uv1yW
Roseline,Divisek,rdivisekmt@goodreads.com,9153106426,D5zqULywLRS
Hilary,Bulbeck,hbulbeckmu@bbb.org,7641106662,kYv7654Mfcj9
Catie,Grazier,cgraziermv@e-recht24.de,6871141345,niPiG7R
Early,Nuss,enussmw@nba.com,2508288460,oVEvoEU
Lurleen,Edrich,ledrichmx@themeforest.net,2915839894,E5hwGRNsMJU4
Letitia,Britnell,lbritnellmy@360.cn,3032433429,68kdoS
Isabeau,Girkins,igirkinsmz@bravesites.com,4385271050,6X3ulzR55
Lexine,Vossgen,lvossgenn0@bizjournals.com,2732097718,x2TJmisFUrEU
Garrard,Goodliffe,ggoodliffen1@nhs.uk,9131597481,9GqsHKqOU
Denny,Biermatowicz,dbiermatowiczn2@redcross.org,3218154068,SP6Zqrb3
Ado,Meadway,ameadwayn3@omniture.com,9227261941,E0PxTxI0Lnl
Gui,Risom,grisomn4@accuweather.com,4074892765,vnJVjty6vu
Rodolfo,Ganiford,rganifordn5@ibm.com,4086388645,ZpzhxZ
Anatola,Steptowe,asteptowen6@google.de,3047607079,w9NwdlT
Riccardo,Facher,rfachern7@mail.ru,7012436531,7ji8hRHDs
Tann,Baus,tbausn8@delicious.com,5445499577,HmmXgU
Stacee,Jakobssen,sjakobssenn9@walmart.com,8301859633,pyffitt
Marybeth,Lister,mlisterna@unblog.fr,9301499495,8HUXmOBOB2X
Edyth,Menure,emenurenb@hexun.com,5335788181,3ypdavtTASbQ
Baird,Cattellion,bcattellionnc@techcrunch.com,1922487684,fpbsSp1Yd
Sim,Fisby,sfisbynd@tinypic.com,7167521271,AhxoQrriEem5
Paolina,Doidge,pdoidgene@miibeian.gov.cn,4265875783,IYuWZq
Carlita,Howsego,chowsegonf@artisteer.com,6267925281,1s85Xx
Abbey,Mintram,amintramng@patch.com,7569029380,cu3RHGeB
Mickey,Dumphries,mdumphriesnh@unblog.fr,4649278485,weHmW6hgqf
Simmonds,Venturoli,sventurolini@google.de,8694255059,yW2WBspKdE88
Corine,Kernes,ckernesnj@sfgate.com,2348186178,LGIcs2
Daryle,Leslie,dleslienk@theatlantic.com,4518453623,PhOEE4Umi8
Tam,Gorham,tgorhamnl@studiopress.com,3325127927,YDYcpX3EV
Adelle,Arnli,aarnlinm@icq.com,2639993500,q5uHRx
Othelia,Bachshell,obachshellnn@ask.com,9096522768,9wVCSv
Em,Dugan,eduganno@hexun.com,9601117756,CnIYl5AFUi
Teri,Battrum,tbattrumnp@storify.com,6987039163,9uKNHP
Natassia,Beri,nberinq@google.cn,1846517697,E2iZW3y1M6W
Malanie,Caurah,mcaurahnr@networksolutions.com,5348747836,iDjnaGw8MY
Judi,Fendlen,jfendlenns@gizmodo.com,4304383789,6SKTk1Mfw
Ashlan,Woodley,awoodleynt@elpais.com,8128426197,KrG1LpeCnQQ
Alexine,Izhakov,aizhakovnu@cnn.com,3298200249,6OLt4lEvowJ
Antons,Bohden,abohdennv@infoseek.co.jp,4635146440,U94qitZdR
Ansley,McAnulty,amcanultynw@blogtalkradio.com,6768547472,5k85JbxMt
Morley,Gilyott,mgilyottnx@msn.com,6791798353,6wgzoOqkN4l
Rickard,Breeder,rbreederny@mozilla.org,8385780874,tJxPdU7hiO2
Jenifer,Pyle,jpylenz@eepurl.com,4996629534,04NiJUeGr
Maurine,Hadwen,mhadweno0@amazon.co.jp,1826796000,z1cVpKec2g2t
Noell,Swiggs,nswiggso1@4shared.com,3751968627,dKTC4vC3
Daisie,Tulip,dtulipo2@yellowpages.com,5966891518,xsGai8
Grace,Nutt,gnutto3@omniture.com,8136478561,Z1HhN53ZVKI
Jilli,Dumbarton,jdumbartono4@stumbleupon.com,8534725907,T6eIgconz
Anica,Hellin,ahellino5@ask.com,9959649155,9jNIKj7dPzd
Celinda,Arlt,carlto6@soup.io,8301957247,NBU8UGm
Frannie,Burgiss,fburgisso7@blogger.com,1503915572,nnjpVh
Goldarina,Martensen,gmartenseno8@unc.edu,1114871184,W65KR4cYB0O
Bryce,Meadley,bmeadleyo9@themeforest.net,7627461596,6nF2Gm
Curcio,Haney,chaneyoa@tumblr.com,3033247609,47x9Uu
Nariko,Cardenoso,ncardenosoob@mashable.com,3706204137,bDMp6Oa
Winny,Winstone,wwinstoneoc@theglobeandmail.com,3289481986,5lM7bio
Hertha,Vitte,hvitteod@instagram.com,5507637127,cUCgMG
Wood,Grinikhin,wgrinikhinoe@deviantart.com,5538781565,TrrA6k1IVF
Netta,Goning,ngoningof@miitbeian.gov.cn,2525462878,HOYPJOQe
Honoria,Oxenden,hoxendenog@hostgator.com,2534147553,pLxqwi
Norma,Phuprate,nphuprateoh@tinypic.com,7791439958,cNtcG1q
Hewett,Tate,htateoi@house.gov,7112028066,70PG6u58
Giselle,Gobbett,ggobbettoj@telegraph.co.uk,6953841185,6TRk22nnpw
Tomlin,Seth,tsethok@pen.io,9508735605,LMqpZxU
Lucian,Lochran,llochranol@elpais.com,5246160495,HbG7w9
Amelina,Frankcombe,afrankcombeom@nytimes.com,7459987690,rYHccPf2Z7ka
Gill,Lednor,glednoron@sohu.com,5659349404,Z6F5e2cp4dcv
Nathanial,Enston,nenstonoo@wsj.com,5463670020,JXDvHT
Allegra,Ditts,adittsop@cyberchimps.com,3125114005,67YyEh
Ciro,Antham,canthamoq@netvibes.com,7619528025,wHXmNVdxnZn
Dario,Adrienne,dadrienneor@csmonitor.com,7076124873,0Mjc8wpVH
Ferdinande,Curl,fcurlos@prnewswire.com,7828745013,6qnrT8q
Laurence,Aizikov,laizikovot@scribd.com,1711519301,whjvErPHqdoX
Reeta,Braben,rbrabenou@booking.com,8741622460,RyHmgc
Evered,Shiels,eshielsov@mysql.com,5982337818,3vTzhP
Maxy,Mowday,mmowdayow@dailymotion.com,4892325053,udTmuAc6y5ov
Milton,Lorie,mlorieox@plala.or.jp,2905662928,kzGDasJGwS
Bridgette,Winslet,bwinsletoy@over-blog.com,5878813153,VqQE2mzaCP
Micheil,MacAulay,mmacaulayoz@amazonaws.com,6508504725,GXaQ8lbq
Leonelle,Petricek,lpetricekp0@examiner.com,4568265333,Orn3MDO8Je
Carla,Leap,cleapp1@google.com.hk,9068296956,otcAuOsNtkjk
Marnia,Figliovanni,mfigliovannip2@hostgator.com,8167335602,poz1Jd6ML
Vilhelmina,Antonoyev,vantonoyevp3@apache.org,8082002535,I1mqIRy1b
Jayson,Brodbin,jbrodbinp4@vimeo.com,3533133266,TCrJhcWEGM2
Timmie,Arangy,tarangyp5@oaic.gov.au,9321922006,Quz6YMU9V4
Flor,Fery,fferyp6@paginegialle.it,9383933738,MCSJwBi3C
Payton,Launchbury,plaunchburyp7@latimes.com,4365764397,ogVBN81t
Clayson,Maddrah,cmaddrahp8@umich.edu,1302554168,2PugZr
Shirlene,Windsor,swindsorp9@vimeo.com,6344773708,QGsYkKh
Lucinda,Barens,lbarenspa@squidoo.com,8587402718,gnbAFpVmM
Hildagarde,Guitel,hguitelpb@slideshare.net,5355901440,WgqScJtvgxGp
Slade,Whaymand,swhaymandpc@samsung.com,5417308112,hdq74mvxs
Jessamyn,Dight,jdightpd@hc360.com,2397216648,7EnkgfHBs2R
Archie,Fortesquieu,afortesquieupe@rambler.ru,8081432809,EZ3vxWMgmc
Alasdair,Sarten,asartenpf@usatoday.com,9743628479,uN8GaDOCNVe
Hamid,Foakes,hfoakespg@vinaora.com,5301518212,1bOBOkFqIfP
Aleta,Kevlin,akevlinph@soundcloud.com,7217766147,aXctxNzvW
Risa,Garm,rgarmpi@scribd.com,7366963278,D5DHpUmIf7Z
Glyn,Keener,gkeenerpj@buzzfeed.com,4955765762,aBgUzi61sMLL
Emmott,Helmke,ehelmkepk@fotki.com,9417443557,vcZGiL8TC0Y
Diana,Quinby,dquinbypl@cdc.gov,3059143640,CktRhCU4Gw
Sissy,Whorlton,swhorltonpm@sohu.com,2093693558,Vjrj7LH2IG9K
Skyler,Nattriss,snattrisspn@apple.com,2465362327,WCVkzz1n2W
Lora,Mowson,lmowsonpo@mysql.com,4803323909,IX6nMepO
Cherin,Izatson,cizatsonpp@fastcompany.com,1696451906,KTNPi1
Codee,Sutter,csutterpq@wikispaces.com,2143807936,z1xa92mn33c4
Eda,Beverage,ebeveragepr@samsung.com,2842796649,NuARrEQ8I
Claire,Fley,cfleyps@eepurl.com,4957155006,ZgQmh7gS2
Lory,Stammer,lstammerpt@biblegateway.com,9274892184,pHE08mf
Wilmette,Elston,welstonpu@addtoany.com,4384655274,IGVfAG
Marybeth,Dorkin,mdorkinpv@howstuffworks.com,9242957743,uTd2VD
Erina,Demke,edemkepw@techcrunch.com,5087306657,rxHWUW
Fraze,Blaxter,fblaxterpx@homestead.com,8149447610,0jUIjejns
Tomi,Scholar,tscholarpy@multiply.com,5242265883,7ajPVg
Melinda,Beckford,mbeckfordpz@youtube.com,1016478918,tmcgvXdxms
Maegan,Millmore,mmillmoreq0@ning.com,2395184383,qt7rcHUlDWa
Chen,Kanzler,ckanzlerq1@tinypic.com,9888623311,d9naBHFnFF
Perry,McLernon,pmclernonq2@usda.gov,8149629732,W3SQUF
Tate,Rollason,trollasonq3@google.com,1154184383,4IQjNzNj
Willabella,Hawksley,whawksleyq4@cafepress.com,1042599034,8iy6Lv4gaotE
Terri,Pitkins,tpitkinsq5@howstuffworks.com,2519504733,aF61IVdpE
Silvan,Kennet,skennetq6@dailymail.co.uk,5982741871,9H2r7gXz8
Mariska,Bodega,mbodegaq7@dmoz.org,3415216722,v0xtn28puC
Ayn,Seamons,aseamonsq8@deviantart.com,6116900350,dJOQNqI
Cherice,Barlass,cbarlassq9@tiny.cc,9043180677,OLouNavDPh
Andromache,Keddey,akeddeyqa@people.com.cn,4158221302,0EONkqe
Ernestus,Tullett,etullettqb@marketwatch.com,5004876381,uppZrJR6XeW
Maryann,Cordes,mcordesqc@house.gov,3913703753,rsRmat
Christopher,Killner,ckillnerqd@paypal.com,4931110688,DVRQ5UAA
Simona,Norrington,snorringtonqe@bluehost.com,3337611585,pHwpTIQqg
Clem,Harriss,charrissqf@timesonline.co.uk,3549049743,NScgr4dfh
Wanids,Suermeiers,wsuermeiersqg@addtoany.com,4923047294,Lnefk2V9
Whittaker,Ranscome,wranscomeqh@sohu.com,4634617186,5lHVcgkk
Rayna,Cawdell,rcawdellqi@about.com,7988171608,qzF4MeS
D'arcy,Dabner,ddabnerqj@wordpress.org,5209131770,A7eY6uAQtg
Bee,Quig,bquigqk@jugem.jp,6756874518,5FzUbkZwudf
Colene,Hasling,chaslingql@ox.ac.uk,3444688245,TUtWATyRtK7
Teddie,Scarrott,tscarrottqm@nbcnews.com,7476530983,rLT3Ss
Nancy,Shurey,nshureyqn@nytimes.com,4462252014,qTZF1CpzLL
Jaymee,Salter,jsalterqo@irs.gov,3007815586,UPWqLBuQq
Martica,Maddie,mmaddieqp@bing.com,2108040557,XG8UnSju
Danila,Chisolm,dchisolmqq@dagondesign.com,4844944651,2mXHcdciB
Hetty,Turmall,hturmallqr@rambler.ru,8811851574,58zw9m1HA1Xw
Cece,Tibbetts,ctibbettsqs@reference.com,2559645471,McVvKKKJdUEa
Kip,Spoerl,kspoerlqt@freewebs.com,5321486410,sHmaPyS
Roxana,Bellas,rbellasqu@freewebs.com,7939559948,dtSeMU9GTPF
Aurie,Barriball,abarriballqv@bluehost.com,8019344684,6kyvgSgY
Cyril,Merrisson,cmerrissonqw@about.me,1891095080,YH4ZIK
Gus,Toffetto,gtoffettoqx@discuz.net,8579405800,dbI1xxPK
Idaline,Anstis,ianstisqy@chronoengine.com,6621884871,PiqtwRlpLT
Luther,Partridge,lpartridgeqz@cbsnews.com,6044939009,lnhgreFtuwh
Justino,Goulthorp,jgoulthorpr0@nature.com,2333493812,KANVMpOlp
Jerad,Feander,jfeanderr1@blogtalkradio.com,1573719048,iJfjpGa
Guendolen,Bentick,gbentickr2@booking.com,4841140592,5YyRgThz
Ken,Semmence,ksemmencer3@google.es,7905992384,StwnkO
Terri,Holmyard,tholmyardr4@mlb.com,1652254640,CintPmn3ei3o
Roanna,Caherny,rcahernyr5@google.it,3052323285,K1icrn
Judi,Krzysztofiak,jkrzysztofiakr6@cyberchimps.com,4682263918,C8pvB0gsh6J2
Hailey,Gammade,hgammader7@bravesites.com,2766610371,bLpKXh2kLs
Nedda,Brazelton,nbrazeltonr8@youtube.com,2964968468,P7oHrHZ
Kylila,Hoy,khoyr9@redcross.org,4953561133,w0LqsU686Opw
Annis,Remirez,aremirezra@yolasite.com,4649498995,DRwMgmufZl
Sari,Thewles,sthewlesrb@livejournal.com,6096275070,QbEV9HPmx9O
Ursola,Brameld,ubrameldrc@aol.com,7543463013,u1nmcX3ekV
Kyrstin,Lithcow,klithcowrd@unc.edu,7722849071,hpZonzzoBf
Valentijn,Pilcher,vpilcherre@cnbc.com,3338425948,aWq0uYP
Camala,Sponton,cspontonrf@japanpost.jp,7604053087,S1KtFITR6
Nerty,di Rocca,ndiroccarg@hubpages.com,9491575897,xWxKVeX
Brockie,Yerborn,byerbornrh@sphinn.com,1734567384,tYdDrmj6aHW
Yvor,Bowen,ybowenri@eepurl.com,6956297685,gQaCgDaXZ
Laureen,Ickovitz,lickovitzrj@miitbeian.gov.cn,4998285939,2Ac21L
Frederica,Butten,fbuttenrk@xing.com,6374467038,Q9oXpTD
Lisette,Deabill,ldeabillrl@sina.com.cn,3214561139,ut1fEA4
Hedwiga,Raun,hraunrm@cornell.edu,2334081912,zVPQ6x
Josee,Webb-Bowen,jwebbbowenrn@stumbleupon.com,2165619243,fNZg13
David,Bredgeland,dbredgelandro@reverbnation.com,7997935789,b3gNxYi
Halli,Clewley,hclewleyrp@friendfeed.com,3793935338,YkNyT6Ab
Patric,Dumphrey,pdumphreyrq@unicef.org,8102082492,6rtnIETK4g3n
Sophronia,Batiste,sbatisterr@squidoo.com,8762082712,kqXV4pjiDY1
